लुओं,2
आ,153
धिक,84
इण्,4
राज्,83
डों,1
दन्त्,1
पार्,5
जों,7
णों,5
जोश,1
लाओं,2
देश्,5
नुक्,2
जोन,2
याख्,1
धित,5
घे,1
जोड,2
संक्,2
रत्,1
झु,1
झी,4
पारं,2
झू,3
झौ,1
चिंग,1
लव्,2
किन्,5
खी,9
पिछ्,1
कूट,1
सिं,9
कान्त,1
खे,2
खो,3
सिक,7
सांस्,5
सित,16
षज्ञ,1
पग्,1
मिर्,3
विंध्,6
व्याक,8
तान्,1
द्र,4
हर्ष,1
खप,1
व्याव,4
खर,2
अध्,20
शर्,2
ख़,4
विज्,14
खा,34
खि,2
थव्,4
झा,2
नाओं,6
चिं,1
जू,2
जी,63
जु,14
जौ,1
कों,29
जै,35
चिर,1
चिव,1
कोल,7
कोय,4
र,225
खतः,1
चित,14
अँग्,1
कोण,2
कोड,2
नुसं,2
पत्,14
जग,1
रीर,1
जट,4
जं,2
जोध,1
रीफ,1
रीन,1
रीब,2
जल,14
षज्,1
रीक,2
जा,153
जि,11
ज़,11
रीट,3
जत,1
जम,1
जय,2
जब,18
जन,71
अन्त,1
फ़ॉस्,1
मुन्,1
न्यू,2
पीठ,3
छ,2
ऊँ,5
डेन्,2
ज्यो,3
पर्क,8
नान्,1
खण्ड,4
श्री,11
श्रे,6
पीए,1
मुश्,1
वर्क,10
वर्ग,7
रास्,1
वर्त,2
वर्ण,1
न्या,5
टस,1
वर्ष,21
शुद्ध,4
खार्,1
येक,7
बार्,1
वै,11
वो,4
याओं,6
वे,49
लीम,2
वी,49
वृ,2
यें,5
ड़ाई,3
घर्,5
ल,58
हाप्,4
क्लेक्,1
शप,1
सिस्,3
लाइंस,2
वज,3
वट,1
वित्,3
धान,13
ओर,14
धाम,1
धार,20
और,341
झाँ,2
वं,2
योँ,5
वि,172
वा,170
वह,15
वश,2
वर,18
वल,13
वय,2
वम,3
वन,25
वत,4
वध,7
वद,1
धाज,1
औद्,10
सर्,21
बात,4
बाद,65
र्रप्त,1
चात्,2
बाव,5
झ,5
बार,5
सार्,2
बाई,2
सँख्,1
बाँ,2
बां,2
अद्,1
बाग,5
ग्लास,1
प्लास्,1
उर्,20
रोक्त,1
इच्,3
अस्,5
मण्,2
माँग,2
वाईं,1
केन्द्,9
क्षम,5
काँच,2
ज,34
एक्,5
मुँह,1
तेन्,1
क़ा,3
वर्ल्ड,1
रूप,57
अक्,3
क़्,3
क़े,1
मुक्,1
नेस्,3
ऑ,1
माओं,1
इ,67
रुष,1
रिवं,1
रुप,8
हर्,2
रुख,1
शिष्,1
खाद्,3
पुल,1
पुर,79
पुन,3
इब्,1
पुक,1
प्रश्,2
स्टेट्स,1
लांग,1
तोष,2
दुष्,1
थीं,2
कंठ,1
लिस्ट,1
तोप,1
कंप,3
ञ,1
उड्,1
किस्,1
कंट,5
डिप्,1
तों,4
विप,1
चौह,1
मुस्,12
पाई,2
पाए,6
टिन,1
व्यं,2
टिश,5
टिल,2
नेस्ट,2
पात,3
मौस,1
पान,2
पाय,1
टिक,1
पाल,2
पार,4
राबं,2
लिए,82
ग्रीक,1
पास,7
आक,1
आग,12
उ,29
उष्,2
आज,10
स्थान,21
स्थाप,7
आइ,1
आई,5
केन्,9
आए,1
आर,13
आल,1
आस,3
थर,1
द्विस,1
रस्,4
कण्ठ्,3
आन,1
आप,4
आब,1
आम,4
आय,1
बिर,1
जेल,1
जेब,1
हेश्,1
टेश्,1
बिख,1
गद्,1
बिज,12
रूआत,3
बीर,2
खक,1
मई,1
कल्स,1
योग्,1
शिक,4
ई,10
मं,23
हैद,4
टें,1
वैश्,1
मछ,1
मझ,1
मट,2
वीं,8
मक,11
मख,1
मग,2
मन,12
टेब,1
औरं,2
मय,27
हैं,52
मण,1
टेड,23
वीर,4
मस,2
मह,1
वीप,1
वीन,4
मि,62
टेर,1
टेल,2
मै,20
मॉ,2
प्रौद्,10
मो,13
मौ,5
मी,35
मु,34
मू,8
मांक,1
मार्,3
मे,39
लोँ,2
लों,20
स्पष्,1
लोड,2
शास्त्,4
मांत,1
अंत,2
दस्,5
कृष्ट,1
गेश्,1
मौर्,2
पर्,25
गैं,1
कृष्ण,2
अंक,1
ळ,1
अंग,6
कुछ,25
ऊर्,3
शिव,1
उच्,13
खें,1
दसं,1
रूक,3
खेत,1
रूट,2
परं,4
भै,1
संयंत्,1
कम्,17
चिह्न,1
खेल,1
थम,18
ग़ा,1
चीन,21
ऊ,8
शास्,7
थि,20
था,93
हुँच,3
कोच,9
व्या,6
ट्रस्ट,1
थक,9
व्यव,2
धं,3
फ़ि,1
ष,7
माज,2
ग्रैंड,3
थॉ,1
थो,1
डेंट,1
भूत,3
थे,6
भूध,1
वस्त्,4
थी,6
ठोर,1
वाल्,1
धों,8
चन्,4
कुन्,1
टान,1
युत,5
रख,10
रक,10
रच,6
थु,3
कोई,6
रं,5
पिक,1
चं,1
पिछ,1
पिट,1
रल,4
पिड,1
पित,17
रस,2
फ्रेट,1
रा,176
रि,76
जो,63
युग,2
रण,98
रठ,5
मेंट,4
रत,85
रप,2
रन,5
रम,7
रय,2
गोस्,1
स्थित,27
इस्,4
रू,11
री,130
रु,5
रे,93
रो,38
रै,2
विद्,38
रौ,2
बॉक्,1
हत्,16
धसं,2
प्र,317
ज़ि,9
ज़ा,6
रूऔर,1
ज़म,1
ग्रुप,1
तो,16
तै,5
ते,93
तृ,3
ती,153
तु,27
ज़ं,1
दक्,23
त्री,10
टिंग,3
ताव,5
तब,6
त्रा,1
तप,1
तार,11
तन,10
ताल,4
तत,1
ता,271
ति,176
नां,1
नाइ,2
तह,4
तव,3
तल,10
तान,6
तर,139
शोध,3
नाव,3
नाश,1
तज्ञ,1
ताज,4
णात्,1
तं,1
शोक,4
तट,3
नाथ,10
चिम,13
ज़्,1
नान,1
शों,9
ज़ी,11
नाम,25
तन्,4
तिस्,1
साक्,1
क़त्,1
क्वा,1
नील,3
व्य,7
ट,10
एग्,1
षी,10
नीं,1
नीज,1
वस्,21
धू,1
तम,20
षद,1
षोत्,1
षण,19
गोम,1
षय,6
षम,3
गोद,1
दात्म्,1
वप्,1
षर,5
षि,20
ब्रज,1
गोल,62
कैं,1
नेश्,1
गों,29
षक,1
गुज,6
कैट,2
ब्रि,5
ब्रा,2
दुस्,7
रह,36
रीत,1
ग्रंथ,1
ईक,1
ख,15
ईं,2
वृत्,1
हैण्ड,2
पिल,2
ठुम,1
व,106
राष्,17
प्रबं,1
वर्,64
यन्त,4
रोक,1
वान,8
यौक्,2
वाब,2
रेत,1
रोज,1
वाय,2
रों,50
वाल,3
वाव,6
वाह,4
त्याग,2
जर,1
टोस्,1
वाई,4
ग्र,1
वाए,1
तस्थ,1
रोड,5
रोध,2
वाग,2
वाज,1
वाट,2
ढाई,1
गिन,2
पार्क,8
ढां,2
ढाँ,1
प्रारंभ,5
गिर,1
ज्ञात,2
छह,3
ध्रुव,7
छा,2
ज्ञान,8
खूब,4
मैथ,1
दुर्,4
छत,2
गिक,10
फ़ी,5
हित्,16
छू,1
छी,2
छे,2
छो,5
पोर्ट,5
ध्व,5
उस,28
हिन्द,3
उन,26
उप,34
उभ,1
उम,1
उठ,2
यतः,7
उद,4
मुक्त,2
तीर्थ,3
हब,2
कत्,1
बेन,2
बेड,1
बेत,1
प्रां,1
बेह,3
बेल्,2
छोह,1
एम,4
एफ,3
एन,4
क्या,1
शां,3
एस,1
मस्,12
एव,1
याक,3
शाल,3
निर्,28
क्रौँच,1
शाह,9
शास,10
शाय,2
शाम,1
एक,79
चर्च,5
श्रेष्,1
शान,1
रार्द्ध,1
सभ्,5
प्राप्त,7
लक्,1
वेस्ट,1
नस्,8
सीन,1
सीम,1
दुग्ध,1
जल्द,1
सीट,1
रितंत्,2
फ,9
सीक,3
पौ,8
प्रो,5
पो,21
प्रे,3
पे,4
पी,23
पु,25
तित्व,2
प्रा,40
पा,70
पि,17
पस,1
पह,24
ताब्,16
प्रव,1
पर,113
पम,1
तीत,1
पन,3
मित्त,1
त्स्,2
पद,2
रन्त,1
ईस्ट,5
पण,1
लोम्,1
पट,2
शब्,12
प्रच,1
ट्राम,1
प्रग,8
पक,9
पख,1
कीक,17
पए,2
उच्च,7
युर्,1
पं,3
ग्रा,5
तीव्,2
तीन,6
जुर्ग,1
ओष्ठ्,1
प्रबंध,1
किं,1
ऊप,2
षोल्,1
तीर,1
किए,6
षेप,1
वयं,1
नोए,2
तुल्,2
नों,49
सम्,23
शहं,1
क्यों,3
किन,11
नाट्,2
नोप,1
किल,1
सैंक,1
किस,2
ख़ूब,1
ज्वल,1
फाइल,1
क्र,1
भ,18
क्स,1
गाल,4
गार,1
भिन्न,14
गाह,1
बन,20
गान,1
गाय,2
सूर्,1
जुर्,1
सैन्,2
गां,4
गाँ,2
छाव,23
मों,11
शत,18
योग,50
शन,29
एवं,44
एवँ,3
डोर,3
योज,22
शम,2
शर,2
यों,80
पेट्,2
खत्म,1
षिक,1
शह,16
धार्थ,1
शा,45
शि,7
शं,4
षित,10
गर्व,1
धर्म,6
ब,131
षिण,16
शक,4
मोह,1
शज,2
योम,2
लस्,5
बीज,1
बीच,18
यप,1
शी,15
शु,9
जैव,1
शे,7
शै,7
शो,2
व्यक्,1
संख्,36
बीस,5
ग्रन्,3
तात्,1
ऑक्,2
जैन,5
हीं,31
त्रि,1
ज़ाइ,2
ग,90
फ़र्,1
भाल,3
अप्,2
नाग,16
ज़ार,1
ठार,1
वाक्,2
शित,3
फोर्ड,1
रुद्ध,1
फ़िल्,1
हेक्,1
वृद्,4
गंज,3
हस्,1
सुब,1
घोट,1
लौन,1
डे,4
माप्,1
बल्,4
यल,3
दंत,1
प्रारं,3
सुं,1
घोष,10
इज्,1
कुंभ,2
भे,2
भु,2
भी,123
भू,83
भौ,11
सूर,3
सूम,1
सून,3
कार,37
सूच,7
उग्,1
छोड,1
दू,37
म,98
चर्,3
ताप,4
बिल्,1
रस्ट,1
काश,3
भं,1
क़ाब,2
दै,3
भग,36
शब्द,40
चन्द्,2
तर्,23
शेष,21
णतः,1
दीर्घ,7
हों,14
जर्,2
कर्,11
विच्,1
मौल्,1
भव,8
बुद्,1
वृत,9
भर,3
भल,1
भि,3
भा,200
ट्रां,2
रस्थ,1
मृत्,3
नौज,5
त्यौष्ठ्,1
काइ,2
काई,6
अर्द्ध,1
जंग,2
ङ,1
काज,1
काट,1
ब्रह्,2
चिक,1
अग्,11
कान,33
काम,7
नौर,1
दी,213
दु,4
काल,43
दृ,2
लौह,2
दार्,2
सिकं,1
दे,54
कास,48
सल,1
दो,39
दौ,17
दर,8
दल,12
दश,4
दा,44
दि,81
चां,1
चाँ,1
चाइ,1
दद,1
ज़ू,1
दन,15
भैष,1
दप,1
चाई,8
टाव,1
वम्,1
दम,2
दय,1
चाल,3
प्रेर,1
चार,14
दक,2
चाह,6
चास,1
कौन,2
नेस,1
चात,1
सिक्,1
स्पन्,1
नेंस,2
पूल,1
रक्,10
गन्,1
जोन्स,1
बाइल,4
ख़ा,2
पूत,1
घ,15
मुद्,9
पुर्द,1
स्पर्श,2
भेद,3
संग्,7
पूं,4
कुल,11
मैं,2
षां,1
मैग,1
सिद्ध,12
हट्ठ,1
ज़ील,2
षाल,1
हिष्,1
मैन,1
षाण,1
फूस,1
स्टे,2
शॉर्न,2
फूल,4
नत्व,2
णेश,5
चौ,5
बइ,2
ट्रे,4
बं,8
माघ,1
माग,1
चे,7
ट्रै,2
चु,9
बई,9
ह्यू,1
राष्ट्,4
बट,2
बज,1
मां,1
बद,10
नार्थ,1
बत,2
माह,2
मास,3
माल,16
रिक्त,9
मार,4
हत्त्व,1
माम,3
षा,81
बल,3
बर,14
मान,51
बा,32
बि,16
माण,17
नन्,2
बह,6
बे,10
सौन्,1
बी,29
बु,2
चइ,1
बो,35
ज़िट,1
बॉ,1
चेन्,2
जाश्,2
चक,2
चम,4
चय,1
चन,6
चत,3
शाम्,1
चा,28
चि,26
झील,1
मित्,1
ठित,1
युक्त,22
चर,2
चल,19
वोत्,6
यंत,1
ओब,1
सिन्,5
च,38
रीक्,1
बोर्ड,2
बम्,1
रत्व,1
मार्ग,10
स्वतंत्,11
अन्,56
साँ,1
चलंत,1
शिक्,7
नाएँ,2
क्रिस्,1
मात्,10
साथ,36
सात,2
साध,3
साद,1
सान,4
साय,2
फ़ार,10
सार,19
साल,3
बुद्ध,4
णन,6
अ,213
णत,1
णि,3
णा,18
पूम,2
विंद,1
स्येंद्,2
सृत,7
तक,45
खाएँ,4
णक,1
अखं,1
थन,1
धाओं,2
कांक,4
पक्,6
कांच,1
ण्,1
णु,2
णी,21
आत्,2
टिह,1
कांश,7
णाक्,4
तंत्,3
खीं,1
गस्त,1
त्रों,1
साइट,1
कॉर्ड,1
ट्री,13
गोर,3
रिसं,1
खीम,3
ढ़ा,8
सूक्ष्म,2
त्रोत,1
पृथ्,16
दोब,1
याएँ,1
ढ़ी,1
दोह,4
रिस्,19
दोई,3
भण्,1
ज़ें,2
दों,9
गोँ,1
लन्,1
कान्,1
द्बा,1
डॉय,1
रण्,1
बाल्,1
स्वयं,2
तुएं,1
ताएं,1
ताएँ,3
भेंट,1
उल्,8
मॉल,1
पुस्,1
दुल्,2
मिक,7
लाश,1
व्याख्,1
घाव,1
सच्,1
विन्,1
मीक्,1
मिल,23
मित,12
घाघ,3
घाट,2
डेय,1
बैर,3
संत,5
वन्त,1
ज़ों,4
द,20
ज़ोर,3
निष्,1
नो,3
नै,1
नॉ,2
नौ,1
नी,136
नु,27
ने,274
हम्,3
नह,4
ना,188
नि,72
नल,1
नर,1
नव,6
जां,1
नम,1
नय,2
हात्,3
उप्,2
नत,2
बैं,1
जौन,1
दृष्,11
ताओं,16
नक,6
नऊ,20
नई,10
नए,4
अल्,4
मोत्,7
संग,7
कॉर्,14
हॉर्स,3
क़ेंद्,1
विक्,1
निम्न,2
ढ़ाई,1
फैक्,1
मास्,1
दार्थ,1
वेक्,1
हूँ,1
खाव,5
स्त,2
स्थ,7
जंक्,2
स्व,11
ष्टीक,1
खान,2
लाईन,1
पाट,1
ञों,1
शौर,1
गुप्,1
सस्,1
खाई,2
विस्,8
फ़र,2
फ़ल,1
शीर्,1
फ़स,1
ऐ,21
वार,8
चै,1
संप,1
वाअों,1
हिन्,149
डुब,1
थार,1
रें,2
ची,13
ट्रॉ,2
रेख,2
क्षेत्,81
थात,2
चू,1
थान,12
रेज,1
वंश,2
थाक,2
रेड,1
रेम,1
आँक,1
फ़े,1
रेल,123
पभ्,7
ट्रेन,5
फ़्,2
तुओं,2
फ़ै,1
रेस,5
फ़ो,1
याघ,1
यो,32
ये,45
यू,18
यु,16
यी,8
कार्,22
तीक,1
वाण,1
यां,4
मुस,3
याँ,26
याप्त,1
मुं,8
यास,4
मुँ,1
डार,2
वाद,6
डाल,1
यंन्त,1
याल,4
प्राण,1
यार,5
स्वास्थ्,1
याव,13
यान,4
पेक्,6
मुख,29
बीएस,1
मुक,1
याद,5
तिज्ञ,2
यात,21
तीस,4
पॉप,1
यं,1
यट,2
फ़र्क,1
यक,20
इत्,1
यय,3
यम,13
स्था,20
स्थि,7
लम्,2
यन,38
स्थल,7
यत,1
यण,1
यि,2
या,315
उत्,141
यह,89
यस,3
दुध,1
यर,7
बोध,1
रभंश,1
स्तर,10
बोल,7
दृश्,2
घुइस,1
बों,1
तम्,1
धीन,2
जन्,5
शस्,1
राई,2
रोह,11
राए,3
राँ,1
रां,5
पंव,1
फिल्,1
ग्रन्थ,1
राज,42
राट,2
षाएँ,9
रान,15
राब,1
राय,3
राम,15
मन्,11
पिण्,1
राण,18
रात,8
मिश्,4
स्पर्,1
तिब्,1
नष्ट,1
राव,4
यक्,2
लब्ध,2
हुब,1
बै,3
दुओं,2
हुत,25
निश्,5
क़ब,1
गईं,1
हुए,14
हुई,18
क्रि,10
हुआ,27
हुँ,1
हुं,2
प्रश्न,1
कृत,37
णाएँ,3
कृप,1
वैत,1
आर्,12
ध्या,2
पप्,3
सुस्,1
माऊँ,4
सप्,6
फिर,6
रार्ध,1
इं,29
उज्,1
आरं,4
ध्यान,5
तुतः,1
इस,145
शृंख,3
खाओं,1
अज्,1
इन,20
दर्,15
शिल्प,6
यह्,1
गीक,4
पस्,3
रैक,1
गीन,2
ध,12
गीत,19
यूएई,1
गाइड,1
भ्र,1
तीक्,1
गीर,1
हिम,1
तुग,1
ठूर,3
ढ़,22
हित,14
तुत,2
मेट्,7
ढं,1
अर्थ,5
तुल,7
फौज,3
हस्त,1
हिं,18
तथ्,6
घो,2
हास,10
कर्ण,1
कर्म,1
ड़क,4
हार,10
विन्स,2
हाल,1
ग्रेन,1
हाय,3
हान,5
मेल,2
हात,1
ड़ँ,1
ड़ा,30
ड़ि,12
में,593
शक्,9
तूस,1
स्वा,2
हाउ,1
भक्,3
स्वर,21
नएच,1
हाँ,52
हां,13
पेय,1
देख,9
यस्,1
तौर,8
णिक,5
ड़ो,2
ड़े,15
तुएँ,2
ड़ी,23
लब्,2
घन,1
पुल्,1
णित,3
देव,15
पें,1
देर,1
घा,3
घि,5
कृत्,1
धार्,5
भाग्,1
धर्,6
फु,1
फी,4
फे,1
फो,1
पृष्,1
फै,6
शांक,1
हार्,3
माप्त,1
फार्,1
इत,2
लेक्,2
ट्रंक,3
उन्,6
इंट,1
इंज,1
रिक,8
घेर,1
रिम,1
द्री,2
रित,23
फल,8
अर्,19
रिस,1
रिव,20
फि,3
फ़,9
रंश,6
लग्,1
तद्,5
बर्थ,1
वेस्,1
बर्न,1
रंग,2
न,155
वृन्,2
षाओं,12
ताम्,1
कूल,1
वें,1
सांख्,1
लन,16
विख्,1
वेद,1
वेष,2
वेश,5
प्रसंस्,1
युद्ध,4
एन्,1
टक,5
बस्त,1
फार,1
फाय,1
ओ,11
लीग,2
लीघ,2
लीच,1
टं,1
टि,15
टा,22
थासं,1
लीन,3
लीप,1
टल,3
टर,32
टम,3
फाई,1
टन,12
ढंग,1
फाइ,2
झां,4
लीश,1
वल्,1
यान्न,1
टौ,2
टो,2
टॉ,1
टे,9
ढी,1
चें,1
टू,3
टी,32
गाँव,2
प्रायः,1
चेत,1
विध,6
विद,1
वित,4
विफ,1
मिट्,6
विष,3
पश्,31
पाँच,5
ग़ो,1
भों,1
खु,4
प,139
चित्,9
भद्,3
मुल्,1
ञा,16
विक,22
सक्,1
भोज,1
विज,2
ग़म,1
पन्,2
सुअर,1
राओं,2
ह्रस्व,3
ग़ल,5
कैंप,1
तृत,3
लिंग,9
कृष्,3
क़,6
किस्म,1
धूम,1
मृद्ध,3
त्र,2
क,80
त्व,10
साम,2
नात्,3
रात्,1
क्षिप्त,2
प्रान्त,13
तत्व,3
क्रां,1
काव्,3
रम्,10
मंत्,6
जिम्,1
तव्,1
साम्,7
एण्ड,1
बख्त,1
यंत्,2
औ,3
निस्ट,2
ढि,1
प्यू,11
पूर्ण,22
पूर्व,13
ख़्,1
ख़ु,1
यात्,7
कथ्,1
सामं,1
ख़ि,1
नेह,2
नेश,1
टॉल,2
नेर,5
मान्,11
नेट,11
हीन,3
नेक,17
हीम,1
चिट्,1
केआर,1
नें,3
शीत,1
ड़ों,3
टॉस्,1
भिन्,3
षों,5
शीन,3
शील,2
आश्,3
कुट,1
कुक,1
दिल्,8
ड़ोस,1
रेट्,1
रुत्,2
धाएँ,1
लुग,1
लुज,1
अल्प,1
नॉए,1
षाक्त,1
चार्,3
त्यो,4
ख़ास,2
अच्,2
लेल,1
केन,1
लेष,2
लेस,1
छत्,1
लेन,2
केल,1
ग़ैर,1
लेम,1
चन्द,1
खुल,1
लेख,24
रिष्,2
कें,5
लेज,2
लेट,1
लें,6
श,46
श्रेय,1
दन्,1
घु,2
सिंग,1
दाय,1
पश्व,5
दान,23
दाव,5
दार,6
विश्व,20
दाह,5
दास,5
निष्ठ,1
सिंह,4
सिंस,1
दाई,1
खन्,1
यार्,2
कर्ष,2
संबंध,7
काष्ठ,1
दौर,1
पुष्,1
ड,4
भुव,1
निम्,4
वॉर्,1
हाज,1
वैज्,5
द्रों,2
फैज,1
कंक,1
प्राप्,3
ज़ाइन,4
मूह,5
मूल,13
फैल,3
सुल्,2
निग,1
जीव,8
जील,1
जीर,1
जीभ,2
हें,7
ठ,4
स्वर्ग,1
बसं,3
हाई,2
निज,2
रिंग,3
पूर्,21
शिष्ट,3
शुओं,1
धेश्,1
संबं,7
बस्,2
अतः,3
निक,51
निट,1
ऋ,1
निच,1
तिष,2
तिन,2
तिम,6
भोक्,1
योक्,1
तित,2
सेन,1
गुप्त,5
मुख्,43
तिक,28
नित,2
स्वी,2
मर्म,1
क्लब,1
नुम,1
अत्,9
नुस,1
णिज्,1
क्ला,1
पेक्ष,4
मग्,4
मर्श,2
आन्,7
सत्,3
क्राइस्ट,1
जिन्,6
नुक,1
घट,5
ग्रस्त,2
लेश्,1
वेत्,8
षेत्,1
वोम,1
प्रत्,11
अंग्,26
ठी,7
ढ,5
ठे,1
ठो,1
वश्,10
पै,7
वास्,9
फुद्,1
वों,6
न्याय,1
जाइन,3
ठन,10
दर्श,1
शप्,1
टिबं,1
देस,1
कस्,1
ठा,4
ठि,1
गर्,3
सिन्ध,1
वन्,2
त्ता,1
पू,24
स्पष्ट,1
ठक,1
दर्ज,2
माएँ,1
देश,140
भिक,8
दित,3
कोर्ट,2
यत्त,2
विश्,17
डेल्,2
दिर,24
दिल,3
मिंग,2
रेन्द्,1
दिए,2
पेश,1
दिक,6
प्रिंट,2
यक्ष,2
मौत,1
चों,4
बँट,1
गेज,7
घर,9
हौ,1
भीर,1
यमंत्,1
द्रित,4
बोल्ट,2
वार्,4
भीत,1
रिश्,1
इन्,8
पिप,2
फ़ैल,2
निस्,1
पत,1
औप,1
अव्,1
दूर,5
दूस,9
सँक,1
दूध,1
दूम,1
सिद्,6
नन्द,3
मर्,7
खंड,7
द्वि,5
रन्,3
बुलं,1
कल्,2
लुप्त,1
तें,5
धव,1
धर,2
धि,28
धा,47
जार,3
जाल,3
जाब,3
जाय,2
जाम,1
जान,7
नर्,5
जात,1
जाद,1
धन,13
जाज,9
व्यस्त,1
जाग,3
कौ,3
जाए,1
घूम,1
कॉ,1
कै,2
को,156
जाऊ,4
के,790
कु,9
की,510
कृ,45
कू,3
टीक,1
कि,140
का,467
कह,7
मद्,1
कर,205
कल,10
बिस्,1
कम,24
कन,2
कप,2
कत,1
कण,4
जिह्,4
कट,3
कच,1
धे,5
कप्,3
कई,23
धु,35
धी,13
धो,1
प्रक्,6
हौल,1
हौर,1
जिक,2
संस्,44
जिट,1
प्यार,2
जिद,1
जित,4
बद्,1
जिन,14
जिस,34
ञेय,1
सोन,6
ट्र,4
णाओं,2
व्हील्स,1
नींव,5
माध्,8
वाओं,1
क्रम,2
सोश,1
बद्ध,7
सद्,1
सों,7
सोच,1
नूस,1
सप,1
सन,15
सम,14
सब,32
ञान,8
सद,2
दत्त,3
सत,6
सस,1
सह,1
सा,77
सि,13
भार,47
ब्राड,2
सर,25
भाव,14
सव,1
भाई,1
सं,86
भां,1
भाज,1
ह,21
सओ,1
सक,16
केंद्,7
खोज,2
हट,1
स्तूप,1
सन्,11
प्रोत्,2
खों,1
सो,4
सै,2
सौ,1
सू,12
सृ,2
सी,133
सु,28
से,368
फ़िल्म,1
हिस्,18
सुंद,2
मृग,1
मोर्,2
धिग्,1
डल,11
छाओं,2
ड़,48
डि,34
डा,8
कित्,2
थों,5
डक,1
फोन,1
बन्ध,3
स,184
थोक,2
दीर्,1
प्रस्,2
लाह,1
लास,2
संस,1
वाद्,1
लाल,6
संर,11
लाव,5
लाफ,1
लाप,1
लान,2
लाम,2
लाभ,3
लाब,2
धन्,4
डन,1
पों,6
ब्लाक,2
डी,11
लाट,1
संघ,6
दृश,1
संक,1
डो,4
लाख,7
लाई,2
लाए,1
नृत्,14
उद्,30
लाँ,6
लाइ,2
पन्न,3
मध्,26
नुष्,7
ण,6
फर,1
शुक्,1
ड़प,1
छाएं,1
गध,1
हाद्,1
पंत,2
नोक,1
जूट,2
तएव,1
खुर्,1
स्रोत,2
जूद,4
जून,1
पंच,4
संज्,5
मूर्,6
कुब्ज,1
राइच,1
राइट,1
लक,4
लख,20
लग,42
अड्,3
किक,1
जस्,5
कन्,5
मऊ,12
लिक,3
य,538
लं,5
लव,1
सेक्,1
लर,2
ला,109
लि,91
लह,1
लत,2
लब,1
लभ,1
लय,23
मिस्,1
लप,1
टूट,1
मत्,2
वत्व,1
गर,43
भाग,31
ले,106
ली,115
लु,1
लू,2
लौ,1
चंद्,1
लै,1
लॉ,4
लो,30
खित,4
कित,1
दीन,1
टून,1
थात्,1
तत्,4
सौर,1
थ,6
स्तम्,1
सौं,2
नक्,2
गो,10
ऑथ,1
कश्,1
ऑन,1
ऑफ,6
यद्,3
सितं,3
ग्रे,1
भिग,4
मठ,1
दित्,1
मत,6
पुत्,1
लाइन,4
लाइफ,2
मद,1
बौद्ध,4
थित,6
चक्,1
है,120
हो,117
मुम्,1
त,129
थिक,5
हु,6
ही,84
हू,1
हे,10
एंड,5
बंध,1
एंव,1
यिक,10
हन,28
डिक,2
मा,90
हम,1
हण,1
विष्,3
हत,2
हद,3
हॉस्,1
हि,22
हा,101
शक्त,1
हर,38
हल,3
द्वा,31
तेज,3
अन,2
यान्,1
शिल्,1
मीर,2
यूँ,1
तेल,3
डित,1
हज,1
ठीक,1
तेह,4
हक,1
मीण,5
लिस,1
गं,29
लोक,10
गए,4
ए,16
गई,22
लोग,9
लिम,12
लित,10
सेंट्,1
जम्,1
गत,20
गण,3
लाउल,1
गम,13
गप,1
लिख,4
गन,2
गल,3
मांग,3
गि,15
गा,61
ग़,3
बन्,2
गह,9
रिट्,3
गे,5
जन्म,4
मृ,2
गू,1
गु,6
गी,14
गौ,1
अँ,1
अः,1
अं,16
अक,5
अग,1
व्युत्,3
अभ,1
अब,6
अम,2
डीए,1
चिश्,2
अप,30
अथ,5
अह,1
अस,1
अव,10
अर,9
अल,1
